,MAE,RMSE,NMAE,NRMSE
daily--event,5.015613,6.965322,0.007554,0.01049
daily--fatalities,4.112455,6.547268,0.020061,0.031938
