,MAE,RMSE,NMAE,NRMSE
daily--event,5.015613,6.965322,0.007554,0.01049
daily--fatalities,2.941338,6.025908,0.014348,0.029395
