model,MAE,RMSE,NMAE,NRMSE
NLinear,16.295486,41.150993,0.024541,0.061974
DLinear,12.314647,38.986168,0.018546,0.058714
NBEATS,11.644672,38.525178,0.017537,0.05802
NHITS,11.687812,38.522876,0.017602,0.058016
Informer,25.816883,46.111548,0.038881,0.069445
Autoformer,12.410316,38.922474,0.01869,0.058618
VanillaTransformer,11.210187,38.652151,0.016883,0.058211
